{
  "contentKey": "MCSF3353IDIJCEFP7IH73UVTXBKI",
  "urlName": "debit-accounts",
  "type": "news",
  "body": {
    "bannerImage": {
      "ref": "MCPPC5ZBEI6RDMBHK3XYN5YWIH4U"
    },
    "title": "Debit Accounts",
    "body": "\u003ch3\u003eFree\u0026nbsp;\u003ca href\u003d\"https://www.p1fcu.org/personal/debit-mastercard\" target\u003d\"_blank\"\u003eP1FCU Debit Mastercard\u003c/a\u003e\u003c/h3\u003e\u003ch3\u003eFree Online Banking with electronic Bill Pay\u003c/h3\u003e\u003ch3\u003eFree Mobile Banking with\u0026nbsp;\u003ca href\u003d\"https://www.p1fcu.org/mobile-deposit\" target\u003d\"_blank\"\u003eMobile Deposit\u003c/a\u003e\u003c/h3\u003e\u003ch3\u003eNo minimum balance requirements*\u003c/h3\u003e\u003ch3\u003e\u003cbr\u003e\u003c/h3\u003e"
  }
}