{
  "contentKey": "MCFJKKTVIYEZBD3KAMYSJ6LFQZZ4",
  "urlName": "home-loans",
  "type": "news",
  "body": {
    "bannerImage": {
      "ref": "MCM3ZQNW5QDRDB5L4MWOGDXRCZDM"
    },
    "title": "Home Loans",
    "body": "\u003ch3\u003eReady to hit the Pacific Northwest in a new ATV or camp in style with a new travel trailer? Maybe you have your eye on a car or truck or just working to build or restore your credit. We have the lines of credit or loans complete with competitive rates to help our members reach financial success.\u003c/h3\u003e"
  }
}